target_id,query_id,alignment_position,target_position,query_position,target_seq,query_seq,name,offset,target_seq_codon,query_seq_codon,name_codon
7000856232,7000899238,85,85,85,L,V,L85V,1,TTG,GTG,TTG85GTG
7000856232,7000899240,181,181,181,L,G,L181G,1,TTG,GGC,TTG181GGC
7000856232,7000899251,95,95,95,N,G,N95G,1,AAC,GGC,AAC95GGC
7000856232,7000899261,156,156,156,Q,L,Q156L,1,CAA,CTG,CAA156CTG
7000856232,7000899267,153,153,153,Y,E,Y153E,1,TAC,GAG,TAC153GAG
7000856232,7000899280,218,218,218,E,F,E218F,1,GAA,TTC,GAA218TTC
7000856232,7000899325,62,62,62,F,E,F62E,1,TTC,GAG,TTC62GAG
7000856232,7000899343,280,280,280,Q,G,Q280G,1,CAA,GGC,CAA280GGC
7000856232,7000899357,132,132,132,A,F,A132F,1,GCT,TTC,GCT132TTC
7000856232,7000899369,91,91,91,I,K,I91K,1,ATT,AAG,ATT91AAG
7000856232,7000899371,216,216,216,F,V,F216V,1,TTC,GTG,TTC216GTG
7000856232,7000899687,61,61,61,L,G,L61G,1,TTG,GGC,TTG61GGC
7000856232,7000899688,106,106,106,I,K,I106K,1,ATT,AAG,ATT106AAG
7000856232,7000899690,229,229,229,D,P,D229P,1,GAT,CCG,GAT229CCG
7000856232,7000899732,149,149,149,I,E,I149E,1,ATC,GAG,ATC149GAG
7000856232,7000899755,86,86,86,A,E,A86E,1,GCT,GAG,GCT86GAG
7000856232,7000899768,153,153,153,Y,Q,Y153Q,1,TAC,CAG,TAC153CAG
7000856232,7000899795,211,211,211,L,E,L211E,1,TTG,GAG,TTG211GAG
7000856232,7000899821,142,142,142,E,V,E142V,1,GAA,GTG,GAA142GTG
7000856232,7000899856,253,253,253,L,E,L253E,1,TTA,GAG,TTA253GAG
7000856232,7000899862,131,131,131,G,S,G131S,1,GGT,AGC,GGT131AGC
7000856232,7000899906,220,220,220,F,G,F220G,1,TTC,GGC,TTC220GGC
7000856232,7000899939,103,103,103,D,E,D103E,1,GAT,GAG,GAT103GAG
